{"examples_seen": 64, "loss": 7.377798080444336, "top1_accuracy": 0.0, "top5_accuracy": 0.0, "_timestamp": 1719696362.9482687, "_runtime": 93.93176460266113, "_step": 194}