{"examples_seen": 64, "loss": 0.05223001912236214, "top1_accuracy": 0.0, "top5_accuracy": 0.0, "_timestamp": 1719698745.9707255, "_runtime": 24.73763155937195, "_step": 298, "_wandb": {"runtime": 24}}