{"examples_seen": 64, "loss": 6.3390703201293945, "top1_accuracy": 0.0, "top5_accuracy": 0.0, "_timestamp": 1719699618.360576, "_runtime": 27.432334899902344, "_step": 180, "_wandb": {"runtime": 26}}