{"examples_seen": 64, "loss": 5.784110069274902, "top1_accuracy": 0.0, "top5_accuracy": 0.0, "_timestamp": 1719702155.5834355, "_runtime": 79.8199315071106, "_step": 115, "_wandb": {"runtime": 80}}