{"examples_seen": 64, "loss": 5.598021507263184, "top1_accuracy": 0.0, "top5_accuracy": 0.0, "_timestamp": 1719698833.7467072, "_runtime": 25.03901219367981, "_step": 326, "_wandb": {"runtime": 24}}