{"examples_seen": 64, "loss": 25.852489471435547, "top1_accuracy": 0.0, "top5_accuracy": 0.015625, "_timestamp": 1719697219.0873218, "_runtime": 2.06294584274292, "_step": 0, "_wandb": {"runtime": 1}}