{"examples_seen": 64, "loss": 3306642.75, "top1_accuracy": 0.0, "top5_accuracy": 0.0, "_timestamp": 1719698026.221801, "_runtime": 31.417115926742554, "_step": 553, "_wandb": {"runtime": 30}}