{"examples_seen": 64, "loss": 26.654144287109375, "top1_accuracy": 0.0, "top5_accuracy": 0.0, "_timestamp": 1719698471.4772794, "_runtime": 5.543379306793213, "_step": 70, "_wandb": {"runtime": 4}}