{"examples_seen": 64, "loss": 4.026854991912842, "top1_accuracy": 0.0, "top5_accuracy": 0.0, "_timestamp": 1719696573.3976936, "_runtime": 35.894062519073486, "_step": 79}