{"examples_seen": 64, "loss": 25.505477905273438, "top1_accuracy": 0.0, "top5_accuracy": 0.0, "_timestamp": 1719698343.8659427, "_runtime": 12.994616746902466, "_step": 249, "_wandb": {"runtime": 12}}