{"examples_seen": 64, "loss": 7.541266918182373, "top1_accuracy": 0.0, "top5_accuracy": 0.0, "_timestamp": 1719706259.664022, "_runtime": 24.67149305343628, "_step": 240, "_wandb": {"runtime": 24}}