{"examples_seen": 64, "loss": 5.633378982543945, "top1_accuracy": 0.0, "top5_accuracy": 0.0, "_timestamp": 1719706656.12132, "_runtime": 142.60950803756714, "_step": 1592, "_wandb": {"runtime": 142}}