{"examples_seen": 64, "loss": 9.907079696655273, "top1_accuracy": 0.0, "top5_accuracy": 0.0, "_timestamp": 1719704804.050601, "_runtime": 35.53782796859741, "_step": 359, "_wandb": {"runtime": 35}}