{"examples_seen": 64, "loss": 5.605532646179199, "top1_accuracy": 0.0, "top5_accuracy": 0.0, "_timestamp": 1719697160.3519511, "_runtime": 68.70171022415161, "_step": 59}