{"examples_seen": 64, "loss": 6.146964073181152, "top1_accuracy": 0.0, "top5_accuracy": 0.0, "_timestamp": 1719706450.337735, "_runtime": 33.074522972106934, "_step": 339, "_wandb": {"runtime": 32}}