{"examples_seen": 64, "loss": 7.063979148864746, "top1_accuracy": 0.0, "top5_accuracy": 0.0, "_timestamp": 1719699266.3654563, "_runtime": 45.6431303024292, "_step": 299}