{"examples_seen": 64, "loss": 26.959938049316406, "top1_accuracy": 0.0, "top5_accuracy": 0.0, "_timestamp": 1719698143.8829896, "_runtime": 15.530401706695557, "_step": 266, "_wandb": {"runtime": 14}}