{"examples_seen": 64, "loss": 4.865837097167969, "top1_accuracy": 0.0, "top5_accuracy": 0.0, "_timestamp": 1719699538.0678477, "_runtime": 11.05233383178711, "_step": 69, "_wandb": {"runtime": 10}}