{"examples_seen": 64, "accum_loss": 0.4810231328010559, "top1_accuracy": 0, "top5_accuracy": 0, "_timestamp": 1719695551.5996826, "_runtime": 273.82456064224243, "_step": 1321, "_wandb": {"runtime": 272}}