{"examples_seen": 64, "loss": 6.590730667114258, "top1_accuracy": 0.0, "top5_accuracy": 0.0, "_timestamp": 1719696413.8055744, "_runtime": 15.71835732460022, "_step": 44}