{"examples_seen": 64, "loss": 3.9673757553100586, "top1_accuracy": 0.0, "top5_accuracy": 0.0, "_timestamp": 1719695602.4371016, "_runtime": 11.15402865409851, "_step": 39}