{"examples_seen": 64, "loss": 7.422187805175781, "top1_accuracy": 0.0, "top5_accuracy": 0.0, "_timestamp": 1719705736.3371427, "_runtime": 40.11990475654602, "_step": 649, "_wandb": {"runtime": 39}}