{"examples_seen": 64, "loss": 5.525459289550781, "top1_accuracy": 0.0, "top5_accuracy": 0.0, "_timestamp": 1719696470.0428238, "_runtime": 42.69051790237427, "_step": 94}