{"examples_seen": 64, "loss": 6.564633369445801, "top1_accuracy": 0.0, "top5_accuracy": 0.0, "_timestamp": 1719708788.690387, "_runtime": 35.130619049072266, "_step": 419, "_wandb": {"runtime": 34}}