{"examples_seen": 64, "loss": 6.106194019317627, "top1_accuracy": 0.0, "top5_accuracy": 0.0, "_timestamp": 1719695680.0884924, "_runtime": 17.983673334121704, "_step": 79}