{"examples_seen": 64, "loss": 3.701267719268799, "top1_accuracy": 0.0, "top5_accuracy": 0.0, "_timestamp": 1719697848.263934, "_runtime": 60.061431884765625, "_step": 490, "_wandb": {"runtime": 59}}