{"examples_seen": 64, "loss": 25.433427810668945, "top1_accuracy": 0.0, "top5_accuracy": 0.0, "_timestamp": 1719698393.2641923, "_runtime": 7.875884294509888, "_step": 121, "_wandb": {"runtime": 7}}