{"examples_seen": 64, "loss": 5.521401405334473, "top1_accuracy": 0.0, "top5_accuracy": 0.0, "_timestamp": 1719702209.1499882, "_runtime": 34.186196088790894, "_step": 414, "_wandb": {"runtime": 33}}