{"examples_seen": 64, "loss": 6.4382004737854, "top1_accuracy": 0.0, "top5_accuracy": 0.0, "_timestamp": 1719696885.6424994, "_runtime": 149.40315556526184, "_step": 339, "_wandb": {"runtime": 149}}