{"examples_seen": 64, "loss": 6.7789530754089355, "top1_accuracy": 0.0, "top5_accuracy": 0.0, "_timestamp": 1719705944.864259, "_runtime": 43.56064200401306, "_step": 603, "_wandb": {"runtime": 43}}