{"examples_seen": 64, "loss": 5.531622886657715, "top1_accuracy": 0.0, "top5_accuracy": 0.0, "_timestamp": 1719705365.5643246, "_runtime": 37.624518632888794, "_step": 477, "_wandb": {"runtime": 37}}