{"examples_seen": 64, "accum_loss": 0.35877159237861633, "top1_accuracy": 0, "top5_accuracy": 0, "_timestamp": 1719695215.0460744, "_runtime": 97.2902603149414, "_step": 549}