{"examples_seen": 64, "loss": 24.067951202392578, "top1_accuracy": 0.0, "top5_accuracy": 0.0, "_timestamp": 1719697264.9604347, "_runtime": 2.37614369392395, "_step": 0, "_wandb": {"runtime": 1}}