{"examples_seen": 64, "loss": 5.768154621124268, "top1_accuracy": 0.0, "top5_accuracy": 0.0, "_timestamp": 1719705602.1064126, "_runtime": 57.91251754760742, "_step": 609, "_wandb": {"runtime": 57}}