{"examples_seen": 64, "loss": 6.167356014251709, "top1_accuracy": 0.0, "top5_accuracy": 0.0, "_timestamp": 1719707977.610072, "_runtime": 55.78627800941467, "_step": 701, "_wandb": {"runtime": 55}}