{"examples_seen": 64, "loss": 26.331968307495117, "top1_accuracy": 0.0, "top5_accuracy": 0.0, "_timestamp": 1719697192.8811529, "_runtime": 2.1751129627227783, "_step": 0, "_wandb": {"runtime": 1}}