{"examples_seen": 64, "loss": 6.178803443908691, "top1_accuracy": 0.0, "top5_accuracy": 0.0, "_timestamp": 1719705835.6493185, "_runtime": 55.01047444343567, "_step": 744, "_wandb": {"runtime": 54}}