{"examples_seen": 64, "loss": 10274532.0, "top1_accuracy": 0.0, "top5_accuracy": 0.0, "_timestamp": 1719698323.806712, "_runtime": 7.081910848617554, "_step": 104, "_wandb": {"runtime": 6}}