{"examples_seen": 64, "loss": 1722947.375, "top1_accuracy": 0.0, "top5_accuracy": 0.0, "_timestamp": 1719698271.0370452, "_runtime": 16.894925355911255, "_step": 292, "_wandb": {"runtime": 16}}