{"examples_seen": 64, "loss": 24.770065307617188, "top1_accuracy": 0.0, "top5_accuracy": 0.0, "_timestamp": 1719698368.3101795, "_runtime": 7.5657243728637695, "_step": 109}