{"examples_seen": 64, "loss": 6.13819694519043, "top1_accuracy": 0.0, "top5_accuracy": 0.0, "_timestamp": 1719700620.781899, "_runtime": 122.14417695999146, "_step": 74, "_wandb": {"runtime": 122}}