{"examples_seen": 64, "loss": 6.365947723388672, "top1_accuracy": 0.0, "top5_accuracy": 0.015625, "_timestamp": 1719695625.1318614, "_runtime": 8.245636463165283, "_step": 29}