{"examples_seen": 64, "loss": 5.503851413726807, "top1_accuracy": 0.0, "top5_accuracy": 0.0, "_timestamp": 1719707677.919372, "_runtime": 42.68846797943115, "_step": 513, "_wandb": {"runtime": 42}}