{"examples_seen": 64, "loss": 1.535296082496643, "top1_accuracy": 0.0, "top5_accuracy": 0.0, "_timestamp": 1719698791.6088276, "_runtime": 25.3156156539917, "_step": 281, "_wandb": {"runtime": 24}}